id,link,que,follow,ans_count
w7LSjJ5M24,https://www.quora.com/Whats-the-best-way-to-get-a-part-time-programming-job,What's the best way to get a part-time programming job?,849200,14
wnKif9VU40,https://www.quora.com/How-should-I-prepare-for-my-first-interview,How should I prepare for my first interview?,460700,527
w5CMZJZu24,https://www.quora.com/What-are-some-good-blogs-for-quant-and-interview-preparations-for-campus-placements-in-IITs,What are some good blogs for quant and interview preparations for campus placements in IITs?,460700,15
wzZoyjmJ33,https://www.quora.com/What-is-the-best-answer-for-an-interview-question-if-someone-asked-what-are-your-salary-requirements,"What is the best answer for an interview question if someone asked, ""what are your salary requirements?""",23000,16
wVTWlDPY25,https://www.quora.com/What-is-the-exact-difference-between-group-discussion-and-debate,What is the exact difference between group discussion and debate?,21700,21
wia9EBLE24,https://www.quora.com/What-are-the-best-interview-questions-that-are-tricky-and-require-presence-of-mind-to-answer-them,What are the best interview questions that are tricky and require presence of mind to answer them?,4400,541
wWaQ798M24,https://www.quora.com/What-are-the-best-interview-questions-that-are-tricky-and-require-presence-of-mind-to-answer-them,What are the best interview questions that are tricky and require presence of mind to answer them?,4400,541
wHVfzLdC24,https://www.quora.com/What-are-the-best-interview-questions-that-are-tricky-and-require-presence-of-mind-to-answer-them,What are the best interview questions that are tricky and require presence of mind to answer them?,4400,541
wtgAX0GK32,https://www.quora.com/What-are-the-best-interview-questions-that-are-tricky-and-require-presence-of-mind-to-answer-them,What are the best interview questions that are tricky and require presence of mind to answer them?,4400,541
wkc1Tz9n24,https://www.quora.com/What-are-the-best-interview-questions-that-are-tricky-and-require-presence-of-mind-to-answer-them,What are the best interview questions that are tricky and require presence of mind to answer them?,4400,541
wH9Nc17m24,https://www.quora.com/What-are-the-best-interview-questions-that-are-tricky-and-require-presence-of-mind-to-answer-them,What are the best interview questions that are tricky and require presence of mind to answer them?,4400,541
wkxCDqrf32,https://www.quora.com/What-are-the-best-interview-questions-that-are-tricky-and-require-presence-of-mind-to-answer-them,What are the best interview questions that are tricky and require presence of mind to answer them?,4400,541
wt3dKykq24,https://www.quora.com/What-are-the-best-interview-questions-that-are-tricky-and-require-presence-of-mind-to-answer-them,What are the best interview questions that are tricky and require presence of mind to answer them?,4400,541
wrtkHyPm24,https://www.quora.com/What-are-the-best-interview-questions-that-are-tricky-and-require-presence-of-mind-to-answer-them,What are the best interview questions that are tricky and require presence of mind to answer them?,4400,541
wkxCDqrf32,https://www.quora.com/What-are-the-best-interview-questions-that-are-tricky-and-require-presence-of-mind-to-answer-them,What are the best interview questions that are tricky and require presence of mind to answer them?,4400,541
w6UAQren24,https://www.quora.com/What-is-the-best-way-to-describe-yourself-in-an-interview,What is the best way to describe yourself in an interview?,3300,569
w6M4C1MY24,https://www.quora.com/What-is-the-best-way-to-describe-yourself-in-an-interview,What is the best way to describe yourself in an interview?,3300,569
w6M4C1MY24,https://www.quora.com/What-is-the-best-way-to-describe-yourself-in-an-interview,What is the best way to describe yourself in an interview?,3300,569
wdE9eCp524,https://www.quora.com/What-is-the-best-way-to-describe-yourself-in-an-interview,What is the best way to describe yourself in an interview?,3300,570
wEiavR1o24,https://www.quora.com/What-is-the-best-way-to-describe-yourself-in-an-interview,What is the best way to describe yourself in an interview?,3300,569
wut9KC2724,https://www.quora.com/What-is-the-best-way-to-describe-yourself-in-an-interview,What is the best way to describe yourself in an interview?,3300,569
wZ64riJi24,https://www.quora.com/What-is-the-best-way-to-describe-yourself-in-an-interview,What is the best way to describe yourself in an interview?,3300,569
wn47ZYZW24,https://www.quora.com/What-is-the-best-way-to-describe-yourself-in-an-interview,What is the best way to describe yourself in an interview?,3300,569
wm2OjapP24,https://www.quora.com/What-is-the-best-way-to-describe-yourself-in-an-interview,What is the best way to describe yourself in an interview?,3300,569
wL4kiK8n24,https://www.quora.com/What-is-the-best-way-to-describe-yourself-in-an-interview,What is the best way to describe yourself in an interview?,3300,569
wjCoGUpu24,https://www.quora.com/What-are-the-best-programming-interview-questions-youve-ever-asked-or-been-asked,What are the best programming interview questions you've ever asked or been asked?,3200,124
wAQfKPI224,https://www.quora.com/What-are-some-of-the-best-responses-to-sell-me-this-pen-pencil-in-a-job-interview,"What are some of the best responses to ""sell me this pen/pencil"" in a job interview?",3100,610
w5JgnAzt24,https://www.quora.com/What-is-the-best-interview-question-you-have-ever-used-or-heard,What is the best interview question you have ever used or heard?,2600,140
wh4Z292r24,https://www.quora.com/What-is-the-best-interview-question-you-have-ever-used-or-heard,What is the best interview question you have ever used or heard?,2600,140
w5JgnAzt24,https://www.quora.com/What-is-the-best-interview-question-you-have-ever-used-or-heard,What is the best interview question you have ever used or heard?,2600,140
wnYqjurU24,https://www.quora.com/What-is-the-best-interview-question-you-have-ever-used-or-heard,What is the best interview question you have ever used or heard?,2600,140
wPz6f6c324,https://www.quora.com/What-is-the-best-interview-question-you-have-ever-used-or-heard,What is the best interview question you have ever used or heard?,2600,140
wcQRlvM524,https://www.quora.com/How-much-time-did-you-spend-preparing-for-Googles-interviews-Is-everyone-who-got-into-Facebook-Google-etc-really-that-good-to-solve-or-understand-every-classic-algorithm-or-problem,"How much time did you spend preparing for Google's interviews? Is everyone who got into Facebook, Google, etc. really that good to solve or understand every classic algorithm or problem?",2400,43
wh5KCKlZ24,https://www.quora.com/How-much-time-did-you-spend-preparing-for-Googles-interviews-Is-everyone-who-got-into-Facebook-Google-etc-really-that-good-to-solve-or-understand-every-classic-algorithm-or-problem,"How much time did you spend preparing for Google's interviews? Is everyone who got into Facebook, Google, etc. really that good to solve or understand every classic algorithm or problem?",2400,43
wcofvRhr24,https://www.quora.com/How-much-time-did-you-spend-preparing-for-Googles-interviews-Is-everyone-who-got-into-Facebook-Google-etc-really-that-good-to-solve-or-understand-every-classic-algorithm-or-problem,"How much time did you spend preparing for Google's interviews? Is everyone who got into Facebook, Google, etc. really that good to solve or understand every classic algorithm or problem?",2400,43
wcofvRhr24,https://www.quora.com/How-much-time-did-you-spend-preparing-for-Googles-interviews-Is-everyone-who-got-into-Facebook-Google-etc-really-that-good-to-solve-or-understand-every-classic-algorithm-or-problem,"How much time did you spend preparing for Google's interviews? Is everyone who got into Facebook, Google, etc. really that good to solve or understand every classic algorithm or problem?",2400,43
wHWOPv8N24,https://www.quora.com/How-much-time-did-you-spend-preparing-for-Googles-interviews-Is-everyone-who-got-into-Facebook-Google-etc-really-that-good-to-solve-or-understand-every-classic-algorithm-or-problem,"How much time did you spend preparing for Google's interviews? Is everyone who got into Facebook, Google, etc. really that good to solve or understand every classic algorithm or problem?",2400,43
wPEPj0OI24,https://www.quora.com/What-is-the-best-interview-question-ever,What is the best interview question ever?,2300,477
w7OqSLkC24,https://www.quora.com/What-is-the-best-interview-question-ever,What is the best interview question ever?,2300,477
wBjpo19S24,https://www.quora.com/What-is-the-best-interview-question-ever,What is the best interview question ever?,2300,477
weGLSazg24,https://www.quora.com/What-is-the-best-interview-question-ever,What is the best interview question ever?,2300,477
wqsvadyI24,https://www.quora.com/What-is-the-best-interview-question-ever,What is the best interview question ever?,2300,477
wUiTkK6d32,https://www.quora.com/What-is-the-best-interview-question-ever,What is the best interview question ever?,2300,477
wh5bz3Fa24,https://www.quora.com/What-is-the-best-interview-question-ever,What is the best interview question ever?,2300,477
wh5bz3Fa24,https://www.quora.com/What-is-the-best-interview-question-ever,What is the best interview question ever?,2300,477
wXgPT9sW24,https://www.quora.com/What-is-the-best-interview-question-ever,What is the best interview question ever?,2300,477
w1QCTeab24,https://www.quora.com/What-type-of-questions-are-asked-in-UPSC-CSE-interviews,What type of questions are asked in UPSC CSE interviews?,2100,89
wQVV65sk24,https://www.quora.com/What-type-of-questions-are-asked-in-UPSC-CSE-interviews,What type of questions are asked in UPSC CSE interviews?,2100,89
wQVV65sk24,https://www.quora.com/What-type-of-questions-are-asked-in-UPSC-CSE-interviews,What type of questions are asked in UPSC CSE interviews?,2100,89
woopJJci24,https://www.quora.com/What-type-of-questions-are-asked-in-UPSC-CSE-interviews,What type of questions are asked in UPSC CSE interviews?,2100,89
wJEzo3Me24,https://www.quora.com/What-type-of-questions-are-asked-in-UPSC-CSE-interviews,What type of questions are asked in UPSC CSE interviews?,2100,89
wVWxtwMo32,https://www.quora.com/How-do-I-prepare-for-a-software-engineering-job-interview,How do I prepare for a software engineering job interview?,2000,156
wiGq5y3j24,https://www.quora.com/How-do-I-prepare-for-a-software-engineering-job-interview,How do I prepare for a software engineering job interview?,2000,156
wjQCiYOO24,https://www.quora.com/How-do-I-prepare-for-a-software-engineering-job-interview,How do I prepare for a software engineering job interview?,2000,156
wgSMdW7824,https://www.quora.com/How-do-I-prepare-for-a-software-engineering-job-interview,How do I prepare for a software engineering job interview?,2000,156
wgSMdW7824,https://www.quora.com/How-do-I-prepare-for-a-software-engineering-job-interview,How do I prepare for a software engineering job interview?,2000,156
wZUAmVMK24,https://www.quora.com/How-do-I-prepare-for-a-software-engineering-job-interview,How do I prepare for a software engineering job interview?,2000,156
ww17nXhx24,https://www.quora.com/How-do-I-prepare-for-a-software-engineering-job-interview,How do I prepare for a software engineering job interview?,2000,156
wWGqPF3s24,https://www.quora.com/What-should-I-expect-in-a-Software-Engineer-interview-at-Google-and-how-should-I-prepare,What should I expect in a Software Engineer interview at Google and how should I prepare?,2000,72
wWOEXsIR24,https://www.quora.com/How-do-I-prepare-for-a-software-engineering-job-interview,How do I prepare for a software engineering job interview?,2000,156
wMdY4aZt32,https://www.quora.com/What-should-I-expect-in-a-Software-Engineer-interview-at-Google-and-how-should-I-prepare,What should I expect in a Software Engineer interview at Google and how should I prepare?,2000,72
wiq4WUuJ24,https://www.quora.com/How-should-I-prepare-for-my-Google-interview-if-I-have-1-month-left-and-I%E2%80%99m-applying-for-a-software-engineer-role,How should I prepare for my Google interview if I have 1 month left and I’m applying for a software engineer role?,1800,58
wlrasXMi24,https://www.quora.com/What-are-the-trickiest-questions-asked-in-an-interview,What are the trickiest questions asked in an interview?,1800,286
wnG8YwAH24,https://www.quora.com/How-can-I-prepare-for-interviews-in-any-big-software-company,How can I prepare for interviews in any big software company?,1800,55
w5Wcjxro32,https://www.quora.com/How-can-I-prepare-for-interviews-in-any-big-software-company,How can I prepare for interviews in any big software company?,1800,55
wytIxpJw24,https://www.quora.com/How-can-I-prepare-for-interviews-in-any-big-software-company,How can I prepare for interviews in any big software company?,1800,55
w24SugE024,https://www.quora.com/What-are-the-trickiest-questions-asked-in-an-interview,What are the trickiest questions asked in an interview?,1800,286
w0cHyoLi24,https://www.quora.com/What-are-the-trickiest-questions-asked-in-an-interview,What are the trickiest questions asked in an interview?,1800,286
wEhWm5Jt24,https://www.quora.com/How-should-I-prepare-for-my-first-interview,How should I prepare for my first interview?,1700,527
wOQITpbS24,https://www.quora.com/How-do-I-answer-in-an-interview-when-asked-what-is-your-weakness,"How do I answer in an interview when asked ""what is your weakness""?",1600,503
wrOlE5Xl24,https://www.quora.com/What-is-the-best-answer-to-the-interview-question-Tell-me-something-about-yourself,What is the best answer to the interview question 'Tell me something about yourself '?,1500,286
wgh4qeKY24,https://www.quora.com/What-is-the-best-answer-to-the-interview-question-Tell-me-something-about-yourself,What is the best answer to the interview question 'Tell me something about yourself '?,1500,286
wgh4qeKY24,https://www.quora.com/What-is-the-best-answer-to-the-interview-question-Tell-me-something-about-yourself,What is the best answer to the interview question 'Tell me something about yourself '?,1500,286
wmVRcrgs24,https://www.quora.com/What-is-the-best-answer-to-the-interview-question-Tell-me-something-about-yourself,What is the best answer to the interview question 'Tell me something about yourself '?,1500,286
w66hDgZh25,https://www.quora.com/How-should-I-prepare-for-a-junior-software-developer-interview,How should I prepare for a junior software developer interview?,1500,11
wGt8pAHv24,https://www.quora.com/What-is-the-best-answer-to-the-interview-question-Tell-me-something-about-yourself,What is the best answer to the interview question 'Tell me something about yourself '?,1500,286
wwFhYhuO24,https://www.quora.com/What-is-the-best-answer-to-the-interview-question-Tell-me-something-about-yourself,What is the best answer to the interview question 'Tell me something about yourself '?,1500,286
wxmT4xmS24,https://www.quora.com/What-is-the-best-answer-to-the-interview-question-Tell-me-something-about-yourself,What is the best answer to the interview question 'Tell me something about yourself '?,1500,286
wErPkPh824,https://www.quora.com/What-is-the-best-answer-to-the-interview-question-Tell-me-something-about-yourself,What is the best answer to the interview question 'Tell me something about yourself '?,1500,286
weYvYDxi24,https://www.quora.com/What-is-the-best-answer-to-the-interview-question-Tell-me-something-about-yourself,What is the best answer to the interview question 'Tell me something about yourself '?,1500,286
wejZFxYq24,https://www.quora.com/What-is-the-best-answer-to-the-interview-question-Tell-me-something-about-yourself,What is the best answer to the interview question 'Tell me something about yourself '?,1500,286
wtfMdBQC24,https://www.quora.com/What-are-the-weirdest-questions-asked-in-an-IIM-interview,What are the weirdest questions asked in an IIM interview?,1300,128
wPXxYSGs24,https://www.quora.com/What-are-the-weirdest-questions-asked-in-an-IIM-interview,What are the weirdest questions asked in an IIM interview?,1300,128
w3Pi7wvv24,https://www.quora.com/What-are-the-best-ways-to-prepare-for-interviews-with-top-tier-management-consulting-firms-i-e-McKinsey-Bain-BCG,"What are the best ways to prepare for interviews with top-tier management consulting firms (i.e., McKinsey, Bain, BCG)?",1200,68
wrFz7jIq32,https://www.quora.com/What-are-the-best-responses-to-do-you-have-any-questions-for-me-at-the-end-of-an-interview,"What are the best responses to ""do you have any questions for me"" at the end of an interview?",1000,154
wS04oRh324,https://www.quora.com/What-are-the-best-responses-to-do-you-have-any-questions-for-me-at-the-end-of-an-interview,"What are the best responses to ""do you have any questions for me"" at the end of an interview?",1000,154
wMUzWMvC24,https://www.quora.com/What-are-some-tips-tricks-I-should-know-before-going-to-an-interview,What are some tips & tricks I should know before going to an interview?,1000,465
wRkQVkKw24,https://www.quora.com/What-are-the-best-responses-to-do-you-have-any-questions-for-me-at-the-end-of-an-interview,"What are the best responses to ""do you have any questions for me"" at the end of an interview?",1000,154
wBam5jgo24,https://www.quora.com/What-are-the-best-responses-to-do-you-have-any-questions-for-me-at-the-end-of-an-interview,"What are the best responses to ""do you have any questions for me"" at the end of an interview?",1000,154
wsE808TU24,https://www.quora.com/What-are-some-tips-tricks-I-should-know-before-going-to-an-interview,What are some tips & tricks I should know before going to an interview?,1000,465
wrFz7jIq32,https://www.quora.com/What-are-the-best-responses-to-do-you-have-any-questions-for-me-at-the-end-of-an-interview,"What are the best responses to ""do you have any questions for me"" at the end of an interview?",1000,154
wlsecH5324,https://www.quora.com/What-are-the-best-responses-to-do-you-have-any-questions-for-me-at-the-end-of-an-interview,"What are the best responses to ""do you have any questions for me"" at the end of an interview?",1000,154
wjZGSOhe24,https://www.quora.com/What-are-some-tips-tricks-I-should-know-before-going-to-an-interview,What are some tips & tricks I should know before going to an interview?,1000,465
wrd2ymQe24,https://www.quora.com/What-are-the-best-responses-to-do-you-have-any-questions-for-me-at-the-end-of-an-interview,"What are the best responses to ""do you have any questions for me"" at the end of an interview?",1000,154
wdv33pLa24,https://www.quora.com/How-would-you-answer-this-job-interview-question-Why-shouldnt-I-hire-you,How would you answer this job interview question: Why shouldn't I hire you?,983,275
wdDjsOHk32,https://www.quora.com/How-would-you-answer-this-job-interview-question-Why-shouldnt-I-hire-you,How would you answer this job interview question: Why shouldn't I hire you?,983,275
wRUVTI1m32,https://www.quora.com/How-would-you-answer-this-job-interview-question-Why-shouldnt-I-hire-you,How would you answer this job interview question: Why shouldn't I hire you?,983,275
wdDjsOHk32,https://www.quora.com/How-would-you-answer-this-job-interview-question-Why-shouldnt-I-hire-you,How would you answer this job interview question: Why shouldn't I hire you?,983,275
w4Nj64fP24,https://www.quora.com/How-would-you-answer-this-job-interview-question-Why-shouldnt-I-hire-you,How would you answer this job interview question: Why shouldn't I hire you?,983,275
w9dxqurm32,https://www.quora.com/How-would-you-answer-this-job-interview-question-Why-shouldnt-I-hire-you,How would you answer this job interview question: Why shouldn't I hire you?,983,275
waLuRlX624,https://www.quora.com/How-would-you-answer-this-job-interview-question-Why-shouldnt-I-hire-you,How would you answer this job interview question: Why shouldn't I hire you?,983,275
wZYNueUD24,https://www.quora.com/How-would-you-answer-this-job-interview-question-Why-shouldnt-I-hire-you,How would you answer this job interview question: Why shouldn't I hire you?,983,275
wmBmS5iv32,https://www.quora.com/How-would-you-answer-this-job-interview-question-Why-shouldnt-I-hire-you,How would you answer this job interview question: Why shouldn't I hire you?,983,275
wzEFDmjd24,https://www.quora.com/How-would-you-answer-this-job-interview-question-Why-shouldnt-I-hire-you,How would you answer this job interview question: Why shouldn't I hire you?,983,275
wHXtH3E824,https://www.quora.com/What-is-the-best-way-to-learn-algorithms-I-want-to-prepare-for-a-Google-interview-and-I-am-willing-to-spend-all-of-my-free-time-learning,What is the best way to learn algorithms? I want to prepare for a Google interview and I am willing to spend all of my free time learning.,941,39
w27qwJzA24,https://www.quora.com/How-can-one-justify-a-low-CGPA-during-an-interview,How can one justify a low CGPA during an interview?,941,105
wHQabaD424,https://www.quora.com/How-can-one-justify-a-low-CGPA-during-an-interview,How can one justify a low CGPA during an interview?,941,105
whRvgaxl24,https://www.quora.com/How-do-I-prepare-for-a-data-scientist-interview,How do I prepare for a data scientist interview?,934,36
wDQK8bpC32,https://www.quora.com/What-is-the-most-bizarre-job-interview-you-have-ever-been-party-to,What is the most bizarre job interview you have ever been party to?,928,370
wMHXEL7k24,https://www.quora.com/What-is-the-most-bizarre-job-interview-you-have-ever-been-party-to,What is the most bizarre job interview you have ever been party to?,928,370
w549IZCo24,https://www.quora.com/What-is-the-most-bizarre-job-interview-you-have-ever-been-party-to,What is the most bizarre job interview you have ever been party to?,928,370
wDQK8bpC32,https://www.quora.com/What-is-the-most-bizarre-job-interview-you-have-ever-been-party-to,What is the most bizarre job interview you have ever been party to?,928,370
wemtbYLE24,https://www.quora.com/What-is-the-most-bizarre-job-interview-you-have-ever-been-party-to,What is the most bizarre job interview you have ever been party to?,928,370
wuXRrGjA32,https://www.quora.com/What-is-the-most-bizarre-job-interview-you-have-ever-been-party-to,What is the most bizarre job interview you have ever been party to?,928,370
wWPGVVzH24,https://www.quora.com/What-is-the-most-bizarre-job-interview-you-have-ever-been-party-to,What is the most bizarre job interview you have ever been party to?,928,370
wbGZ6ol624,https://www.quora.com/What-is-the-most-bizarre-toughest-or-oddest-question-you-have-been-asked-in-a-job-interview,"What is the most bizarre, toughest, or oddest question you have been asked in a job interview?",873,237
wbGZ6ol624,https://www.quora.com/What-is-the-most-bizarre-toughest-or-oddest-question-you-have-been-asked-in-a-job-interview,"What is the most bizarre, toughest, or oddest question you have been asked in a job interview?",873,237
wMt8jQ8Z24,https://www.quora.com/What-is-the-most-bizarre-toughest-or-oddest-question-you-have-been-asked-in-a-job-interview,"What is the most bizarre, toughest, or oddest question you have been asked in a job interview?",873,237
wYw8tT1R24,https://www.quora.com/What-is-the-most-bizarre-toughest-or-oddest-question-you-have-been-asked-in-a-job-interview,"What is the most bizarre, toughest, or oddest question you have been asked in a job interview?",873,237
wviFmemr32,https://www.quora.com/What-is-the-most-bizarre-toughest-or-oddest-question-you-have-been-asked-in-a-job-interview,"What is the most bizarre, toughest, or oddest question you have been asked in a job interview?",873,237
w8lsFKVU32,https://www.quora.com/What-are-some-interesting-questions-asked-in-an-interview,What are some interesting questions asked in an interview?,865,249
wxm0LSPH32,https://www.quora.com/What-are-some-of-the-questions-asked-in-Google-interviews,What are some of the questions asked in Google interviews?,821,67
wol00MZX24,https://www.quora.com/How-can-I-train-myself-for-SSB-interview,How can I train myself for SSB interview?,721,193
wnMRboQA24,https://www.quora.com/How-can-I-train-myself-for-SSB-interview,How can I train myself for SSB interview?,721,193
wyff9IEJ24,https://www.quora.com/How-can-I-train-myself-for-SSB-interview,How can I train myself for SSB interview?,721,193
w5uL2tBf24,https://www.quora.com/How-can-one-be-well-prepared-to-answer-data-structure-algorithm-questions-in-interviews,How can one be well prepared to answer data structure/algorithm questions in interviews?,700,57
wKEehzR724,https://www.quora.com/How-can-I-get-hired-by-Quora-How-can-I-get-an-interview,How can I get hired by Quora? How can I get an interview?,671,43
w58l9skU24,https://www.quora.com/How-should-one-prepare-for-IIM-interviews,How should one prepare for IIM interviews?,623,63
waLmXQji24,https://www.quora.com/How-should-one-prepare-for-IIM-interviews,How should one prepare for IIM interviews?,623,63
wVsk6nwE24,https://www.quora.com/How-should-one-prepare-for-IIM-interviews,How should one prepare for IIM interviews?,623,63
w4hbcAPY24,https://www.quora.com/Whats-the-biggest-mistake-you-ever-made-during-an-interview,What's the biggest mistake you ever made during an interview?,614,508
wEdHDDIQ24,https://www.quora.com/What-are-examples-of-presence-of-mind-during-interview,What are examples of presence of mind during interview?,546,157
wShiPI1H32,https://www.quora.com/What-are-examples-of-presence-of-mind-during-interview,What are examples of presence of mind during interview?,546,157
wvaslptj24,https://www.quora.com/If-an-interviewer-asks-me-what-I-am-expecting-as-my-salary-what-should-I-answer,"If an interviewer asks me what I am expecting as my salary, what should I answer?",476,87
wmWQigQc24,https://www.quora.com/If-an-interviewer-asks-me-what-I-am-expecting-as-my-salary-what-should-I-answer,"If an interviewer asks me what I am expecting as my salary, what should I answer?",476,87
wNkV3jAm24,https://www.quora.com/If-an-interviewer-asks-me-what-I-am-expecting-as-my-salary-what-should-I-answer,"If an interviewer asks me what I am expecting as my salary, what should I answer?",476,87
wgThgFiv24,https://www.quora.com/If-an-interviewer-asks-me-what-I-am-expecting-as-my-salary-what-should-I-answer,"If an interviewer asks me what I am expecting as my salary, what should I answer?",476,87
w1cY3OTK24,https://www.quora.com/If-an-interviewer-asks-me-what-I-am-expecting-as-my-salary-what-should-I-answer,"If an interviewer asks me what I am expecting as my salary, what should I answer?",476,87
whTRzpVS24,https://www.quora.com/If-an-interviewer-asks-me-what-I-am-expecting-as-my-salary-what-should-I-answer,"If an interviewer asks me what I am expecting as my salary, what should I answer?",476,87
wNkV3jAm24,https://www.quora.com/If-an-interviewer-asks-me-what-I-am-expecting-as-my-salary-what-should-I-answer,"If an interviewer asks me what I am expecting as my salary, what should I answer?",476,87
wu4ALJtY40,https://www.quora.com/What-words-should-you-never-say-when-being-interviewed-for-a-job,What words should you never say when being interviewed for a job?,470,133
wYxPlGRd24,https://www.quora.com/What-will-you-say-if-an-interviewer-says-You-have-10-minutes-to-impress-me,"What will you say if an interviewer says ""You have 10 minutes to impress me""?",454,231
wC6hZYlV24,https://www.quora.com/What-will-you-say-if-an-interviewer-says-You-have-10-minutes-to-impress-me,"What will you say if an interviewer says ""You have 10 minutes to impress me""?",454,231
wbU66tHs32,https://www.quora.com/What-will-you-say-if-an-interviewer-says-You-have-10-minutes-to-impress-me,"What will you say if an interviewer says ""You have 10 minutes to impress me""?",454,231
wHDZn5Om32,https://www.quora.com/What-will-you-say-if-an-interviewer-says-You-have-10-minutes-to-impress-me,"What will you say if an interviewer says ""You have 10 minutes to impress me""?",454,231
wt7GV4Ya24,https://www.quora.com/What-will-you-say-if-an-interviewer-says-You-have-10-minutes-to-impress-me,"What will you say if an interviewer says ""You have 10 minutes to impress me""?",454,231
wEq1G2DH24,https://www.quora.com/What-will-you-say-if-an-interviewer-says-You-have-10-minutes-to-impress-me,"What will you say if an interviewer says ""You have 10 minutes to impress me""?",454,231
wyn0b5t024,https://www.quora.com/What-will-you-say-if-an-interviewer-says-You-have-10-minutes-to-impress-me,"What will you say if an interviewer says ""You have 10 minutes to impress me""?",454,231
wVgCneG524,https://www.quora.com/What-will-you-say-if-an-interviewer-says-You-have-10-minutes-to-impress-me,"What will you say if an interviewer says ""You have 10 minutes to impress me""?",454,231
wYxPlGRd24,https://www.quora.com/What-will-you-say-if-an-interviewer-says-You-have-10-minutes-to-impress-me,"What will you say if an interviewer says ""You have 10 minutes to impress me""?",454,231
wQBIQA6m24,https://www.quora.com/What-will-you-say-if-an-interviewer-says-You-have-10-minutes-to-impress-me,"What will you say if an interviewer says ""You have 10 minutes to impress me""?",454,231
wFecNerU24,https://www.quora.com/What-will-you-say-if-an-interviewer-says-You-have-10-minutes-to-impress-me,"What will you say if an interviewer says ""You have 10 minutes to impress me""?",454,231
w1MSyeXV24,https://www.quora.com/How-can-I-best-answer-the-question-Why-do-you-want-to-get-an-MBA,"How can I best answer the question ""Why do you want to get an MBA""?",445,84
wn7gNW4124,https://www.quora.com/How-can-I-best-answer-the-question-Why-do-you-want-to-get-an-MBA,"How can I best answer the question ""Why do you want to get an MBA""?",445,84
w8azixwD24,https://www.quora.com/How-can-I-best-answer-the-question-Why-do-you-want-to-get-an-MBA,"How can I best answer the question ""Why do you want to get an MBA""?",445,84
wX9Mgmow24,https://www.quora.com/What-are-the-civil-engineering-interview-questions,What are the civil engineering interview questions?,433,50
wG6QC5Uu24,https://www.quora.com/What-are-the-civil-engineering-interview-questions,What are the civil engineering interview questions?,433,50
wE8DTBFN24,https://www.quora.com/What-are-the-civil-engineering-interview-questions,What are the civil engineering interview questions?,433,50
wHDuQj1G32,https://www.quora.com/What-are-the-civil-engineering-interview-questions,What are the civil engineering interview questions?,433,50
wG6QC5Uu24,https://www.quora.com/What-are-the-civil-engineering-interview-questions,What are the civil engineering interview questions?,433,50
wNcb8tqu24,https://www.quora.com/What-are-the-civil-engineering-interview-questions,What are the civil engineering interview questions?,433,50
we4Q6GD724,https://www.quora.com/What-are-the-civil-engineering-interview-questions,What are the civil engineering interview questions?,433,50
w0nlnncO24,https://www.quora.com/What-are-the-civil-engineering-interview-questions,What are the civil engineering interview questions?,433,50
wXBiy8HU24,https://www.quora.com/What-are-the-civil-engineering-interview-questions,What are the civil engineering interview questions?,433,50
wkLnyqwA24,https://www.quora.com/What-was-the-shortest-interview-you%E2%80%99ve-had-that-led-to-a-job-offer,What was the shortest interview you’ve had that led to a job offer?,428,853
wMhkqNwu24,https://www.quora.com/What-was-the-shortest-interview-you%E2%80%99ve-had-that-led-to-a-job-offer,What was the shortest interview you’ve had that led to a job offer?,428,853
wkLnyqwA24,https://www.quora.com/What-was-the-shortest-interview-you%E2%80%99ve-had-that-led-to-a-job-offer,What was the shortest interview you’ve had that led to a job offer?,428,853
wvHHPb4g24,https://www.quora.com/What-was-the-shortest-interview-you%E2%80%99ve-had-that-led-to-a-job-offer,What was the shortest interview you’ve had that led to a job offer?,428,853
wCt5zNQf24,https://www.quora.com/What-was-the-shortest-interview-you%E2%80%99ve-had-that-led-to-a-job-offer,What was the shortest interview you’ve had that led to a job offer?,428,853
wJONdZnm24,https://www.quora.com/What-was-the-shortest-interview-you%E2%80%99ve-had-that-led-to-a-job-offer,What was the shortest interview you’ve had that led to a job offer?,428,853
wbPXJb7i24,https://www.quora.com/How-should-I-prepare-for-my-Amazon-SDE-interview-in-2-months,How should I prepare for my Amazon SDE interview in 2 months?,426,39
wrisRXYc24,https://www.quora.com/What-is-the-best-answer-to-Introduce-yourself,"What is the best answer to ""Introduce yourself""?",420,51
wtRYVujs24,https://www.quora.com/What-is-the-best-answer-to-Introduce-yourself,"What is the best answer to ""Introduce yourself""?",420,51
wT9FkyGM24,https://www.quora.com/What-is-the-best-answer-to-Introduce-yourself,"What is the best answer to ""Introduce yourself""?",420,51
wboVlkqh24,https://www.quora.com/How-do-I-prepare-for-coding-interviews-in-6-months-I%E2%80%99m-a-student-in-a-reputed-Indian-university-I-have-basic-knowledge-of-programming-in-C-and-C++-I%E2%80%99m-weak-in-topics-like-data-structures-and-DP-My-target-companies-are-Amazon-Flipkart-Hike-etc,"How do I prepare for coding interviews in 6 months? I’m a student in a reputed Indian university. I have basic knowledge of programming in C and C++. I’m weak in topics like data structures and DP. My target companies are Amazon, Flipkart, Hike, etc.",380,13
wUFTSwTz24,https://www.quora.com/How-do-I-prepare-for-coding-interviews-in-6-months-I%E2%80%99m-a-student-in-a-reputed-Indian-university-I-have-basic-knowledge-of-programming-in-C-and-C++-I%E2%80%99m-weak-in-topics-like-data-structures-and-DP-My-target-companies-are-Amazon-Flipkart-Hike-etc,"How do I prepare for coding interviews in 6 months? I’m a student in a reputed Indian university. I have basic knowledge of programming in C and C++. I’m weak in topics like data structures and DP. My target companies are Amazon, Flipkart, Hike, etc.",380,13
wjYk1Po025,https://www.quora.com/I-have-my-SSB-interviews-Indian-Army-after-15-days-How-can-I-prepare-for-them,I have my SSB interviews (Indian Army) after 15 days. How can I prepare for them?,355,14
wzaTYSmt32,https://www.quora.com/Is-practicing-500-programming-questions-on-LeetCode-HackerEarth-etc-enough-to-prepare-for-a-Google-interview,"Is practicing 500 programming questions on LeetCode, HackerEarth, etc, enough to prepare for a Google interview?",347,20
wGS3OimA24,https://www.quora.com/Is-practicing-500-programming-questions-on-LeetCode-HackerEarth-etc-enough-to-prepare-for-a-Google-interview,"Is practicing 500 programming questions on LeetCode, HackerEarth, etc, enough to prepare for a Google interview?",347,20
wmuoVh7025,https://www.quora.com/How-can-I-join-a-WhatsApp-group-where-students-discuss-important-news-for-UPSC-every-day,How can I join a WhatsApp group where students discuss important news for UPSC every day?,343,39
wd8YpDez25,https://www.quora.com/How-can-I-join-a-WhatsApp-group-where-students-discuss-important-news-for-UPSC-every-day,How can I join a WhatsApp group where students discuss important news for UPSC every day?,343,39
wX53xAO924,https://www.quora.com/What-would-you-do-if-your-interviewer-says-prove-to-me-that-youre-smart,"What would you do if your interviewer says ""prove to me that you're smart""?",330,121
w0GRijrL24,https://www.quora.com/How-was-your-FMS-Delhi-interview-experience,"How was your FMS, Delhi interview experience?",318,23
wVCuIyue24,https://www.quora.com/How-was-your-FMS-Delhi-interview-experience,"How was your FMS, Delhi interview experience?",318,23
wI8to1wV24,https://www.quora.com/How-was-your-FMS-Delhi-interview-experience,"How was your FMS, Delhi interview experience?",318,23
wQrY9yuV24,https://www.quora.com/How-was-your-FMS-Delhi-interview-experience,"How was your FMS, Delhi interview experience?",318,23
wdPBw3xn24,https://www.quora.com/How-was-your-FMS-Delhi-interview-experience,"How was your FMS, Delhi interview experience?",318,23
wZGPYP1424,https://www.quora.com/How-was-your-FMS-Delhi-interview-experience,"How was your FMS, Delhi interview experience?",318,23
wZGPYP1424,https://www.quora.com/How-was-your-FMS-Delhi-interview-experience,"How was your FMS, Delhi interview experience?",318,23
w7taEmFz24,https://www.quora.com/How-was-your-FMS-Delhi-interview-experience,"How was your FMS, Delhi interview experience?",318,23
w2LMnwhJ32,https://www.quora.com/How-was-your-FMS-Delhi-interview-experience,"How was your FMS, Delhi interview experience?",318,23
wkOtRtNi24,https://www.quora.com/Is-it-better-to-spend-all-my-time-on-data-structures-and-algorithms-rather-than-side-projects-in-order-to-crack-the-Google-and-Facebook-interviews,"Is it better to spend all my time on data structures and algorithms rather than side projects, in order to crack the Google and Facebook interviews?",302,27
wjAXeOCN25,https://www.quora.com/What-type-of-answers-are-employers-looking-for-during-a-pre-employment-assessment-test,What type of answers are employers looking for during a pre-employment assessment test?,286,34
w72IShxS33,https://www.quora.com/What-type-of-answers-are-employers-looking-for-during-a-pre-employment-assessment-test,What type of answers are employers looking for during a pre-employment assessment test?,286,34
wTqISklv32,https://www.quora.com/How-should-I-prepare-for-the-Amazon-online-coding-interview,How should I prepare for the Amazon online coding interview?,283,19
wuYZcA0D32,https://www.quora.com/What-should-be-ideal-answer-to-the-question-Tell-me-about-yourself,"What should be ideal answer to the question, ""Tell me about yourself""?",282,47
wU4EiR7f24,https://www.quora.com/What-should-be-ideal-answer-to-the-question-Tell-me-about-yourself,"What should be ideal answer to the question, ""Tell me about yourself""?",282,47
wnBdgvQc24,https://www.quora.com/What-should-be-ideal-answer-to-the-question-Tell-me-about-yourself,"What should be ideal answer to the question, ""Tell me about yourself""?",282,47
w7zsW95z24,https://www.quora.com/What-is-your-KVPY-interview-story,What is your KVPY interview story ?,271,115
wfZjxjJL24,https://www.quora.com/What-is-your-KVPY-interview-story,What is your KVPY interview story ?,271,115
wegtqm9m24,https://www.quora.com/What-is-your-KVPY-interview-story,What is your KVPY interview story ?,271,115
wZQKIcNZ24,https://www.quora.com/How-did-you-crack-the-software-engineering-interview-at-Google-Facebook-or-Amazon,"How did you crack the software engineering interview at Google, Facebook, or Amazon?",268,30
wpSMPscG24,https://www.quora.com/How-did-you-crack-the-software-engineering-interview-at-Google-Facebook-or-Amazon,"How did you crack the software engineering interview at Google, Facebook, or Amazon?",268,30
wwZZDWL024,https://www.quora.com/How-did-you-crack-the-software-engineering-interview-at-Google-Facebook-or-Amazon,"How did you crack the software engineering interview at Google, Facebook, or Amazon?",268,30
w3X4VYTH32,https://www.quora.com/How-did-you-crack-the-software-engineering-interview-at-Google-Facebook-or-Amazon,"How did you crack the software engineering interview at Google, Facebook, or Amazon?",268,30
wwZZDWL024,https://www.quora.com/How-did-you-crack-the-software-engineering-interview-at-Google-Facebook-or-Amazon,"How did you crack the software engineering interview at Google, Facebook, or Amazon?",268,30
woIdplbr24,https://www.quora.com/Has-anyone-ever-got-a-job-through-LinkedIn,Has anyone ever got a job through LinkedIn?,267,101
wGKtvh7H24,https://www.quora.com/What-do-I-need-to-prepare-for-the-TCS-campus-recruitment,What do I need to prepare for the TCS campus recruitment?,256,55
wGKtvh7H24,https://www.quora.com/What-do-I-need-to-prepare-for-the-TCS-campus-recruitment,What do I need to prepare for the TCS campus recruitment?,256,55
wdyGxIuj24,https://www.quora.com/What-do-I-need-to-prepare-for-the-TCS-campus-recruitment,What do I need to prepare for the TCS campus recruitment?,256,55
wI2gGeiZ32,https://www.quora.com/What-do-I-need-to-prepare-for-the-TCS-campus-recruitment,What do I need to prepare for the TCS campus recruitment?,256,55
w5a7ct6432,https://www.quora.com/What-do-I-need-to-prepare-for-the-TCS-campus-recruitment,What do I need to prepare for the TCS campus recruitment?,256,55
wjDzqTRW24,https://www.quora.com/What-do-I-need-to-prepare-for-the-TCS-campus-recruitment,What do I need to prepare for the TCS campus recruitment?,256,55
wOAKCXmv24,https://www.quora.com/Have-you-ever-walked-out-of-an-interview,Have you ever walked out of an interview?,247,410
wXROGWqk24,https://www.quora.com/Have-you-ever-walked-out-of-an-interview,Have you ever walked out of an interview?,247,410
wl0AP1BM24,https://www.quora.com/Have-you-ever-walked-out-of-an-interview,Have you ever walked out of an interview?,247,410
w4F8dMLu24,https://www.quora.com/Have-you-ever-walked-out-of-an-interview,Have you ever walked out of an interview?,247,410
wiyciUgR24,https://www.quora.com/Have-you-ever-walked-out-of-an-interview,Have you ever walked out of an interview?,247,410
wINpN7u024,https://www.quora.com/Have-you-ever-walked-out-of-an-interview,Have you ever walked out of an interview?,247,410
wiyciUgR24,https://www.quora.com/Have-you-ever-walked-out-of-an-interview,Have you ever walked out of an interview?,247,410
wgMUUzXs24,https://www.quora.com/Have-you-ever-walked-out-of-an-interview,Have you ever walked out of an interview?,247,410
wqPmZ84T32,https://www.quora.com/Have-you-ever-walked-out-of-an-interview,Have you ever walked out of an interview?,247,410
wWWEAXSs24,https://www.quora.com/How-was-your-interview-experience-at-iocl,How was your interview experience at iocl?,242,35
wTvAdXwY24,https://www.quora.com/How-was-your-interview-experience-at-iocl,How was your interview experience at iocl?,242,35
wZiQ1SzU32,https://www.quora.com/How-was-your-interview-experience-at-iocl,How was your interview experience at iocl?,242,35
wxGVQGgv24,https://www.quora.com/What-are-the-best-websites-books-resources-for-programming-interview-questions,What are the best websites/books/resources for programming interview questions?,235,36
wqzNvoi124,https://www.quora.com/What-is-the-secret-of-people-who-always-get-job-offers,What is the secret of people who always get job offers?,233,134
wXsijVak24,https://www.quora.com/What-are-some-good-blogs-for-quant-and-interview-preparations-for-campus-placements-in-IITs,What are some good blogs for quant and interview preparations for campus placements in IITs?,229,15
wc8ZLrH824,https://www.quora.com/How-was-your-IES-ESE-2016-interview-experience,How was your IES/ESE 2016 interview experience?,228,14
wZuvtBvU24,https://www.quora.com/How-was-your-IES-ESE-2016-interview-experience,How was your IES/ESE 2016 interview experience?,228,14
wWS0UCcH24,https://www.quora.com/How-do-other-senior-software-engineers-prepare-for-coding-interviews,How do other senior software engineers prepare for coding interviews?,225,29
wGMhGMvO24,https://www.quora.com/How-should-I-prepare-for-a-Software-Development-Engineer-interview-at-Amazon,How should I prepare for a Software Development Engineer interview at Amazon?,224,13
wRr5Wxab24,https://www.quora.com/How-should-I-prepare-for-a-Software-Development-Engineer-interview-at-Amazon,How should I prepare for a Software Development Engineer interview at Amazon?,224,13
wmm3TQtd24,https://www.quora.com/How-should-I-prepare-for-a-Software-Development-Engineer-interview-at-Amazon,How should I prepare for a Software Development Engineer interview at Amazon?,224,13
whqGfLEB24,https://www.quora.com/How-unpredictable-are-IAS-Interviews,How unpredictable are IAS Interviews?,223,14
whEcWoqd24,https://www.quora.com/What-are-the-best-tips-for-writing-a-resume,What are the best tips for writing a resume?,218,218
wZRtvDcu24,https://www.quora.com/What-are-the-best-tips-for-writing-a-resume,What are the best tips for writing a resume?,218,218
wEqj6Xkj24,https://www.quora.com/What-are-the-best-tips-for-writing-a-resume,What are the best tips for writing a resume?,218,218
whKd21dU24,https://www.quora.com/How-do-I-prepare-for-an-interview-with-one-of-the-Big-4-KPMG-EY-PWC-Deloitte,"How do I prepare for an interview with one of the Big 4? (KPMG, EY, PWC, Deloitte)",208,18
wgxDyM0o24,https://www.quora.com/How-do-I-prepare-for-an-interview-with-one-of-the-Big-4-KPMG-EY-PWC-Deloitte,"How do I prepare for an interview with one of the Big 4? (KPMG, EY, PWC, Deloitte)",208,18
wssQEkSx24,https://www.quora.com/What-is-the-answer-of-If-I-reject-you-in-this-interview-then-what-will-you-do,"What is the answer of ""If I reject you in this interview then what will you do""?",202,87
wCk9ycN024,https://www.quora.com/What-is-the-answer-of-If-I-reject-you-in-this-interview-then-what-will-you-do,"What is the answer of ""If I reject you in this interview then what will you do""?",202,87
wYWP7Zzs24,https://www.quora.com/What-is-the-answer-of-If-I-reject-you-in-this-interview-then-what-will-you-do,"What is the answer of ""If I reject you in this interview then what will you do""?",202,87
wCmujZUi24,https://www.quora.com/What-is-the-answer-of-If-I-reject-you-in-this-interview-then-what-will-you-do,"What is the answer of ""If I reject you in this interview then what will you do""?",202,87
wKA2a7Uk24,https://www.quora.com/What-is-the-answer-of-If-I-reject-you-in-this-interview-then-what-will-you-do,"What is the answer of ""If I reject you in this interview then what will you do""?",202,87
waY2208g24,https://www.quora.com/What-is-the-answer-of-If-I-reject-you-in-this-interview-then-what-will-you-do,"What is the answer of ""If I reject you in this interview then what will you do""?",202,87
wssQEkSx24,https://www.quora.com/What-is-the-answer-of-If-I-reject-you-in-this-interview-then-what-will-you-do,"What is the answer of ""If I reject you in this interview then what will you do""?",202,87
wy7er13F24,https://www.quora.com/What-is-the-answer-of-If-I-reject-you-in-this-interview-then-what-will-you-do,"What is the answer of ""If I reject you in this interview then what will you do""?",202,87
wSjBb06k24,https://www.quora.com/What-is-the-answer-of-If-I-reject-you-in-this-interview-then-what-will-you-do,"What is the answer of ""If I reject you in this interview then what will you do""?",202,87
wRioNh6M24,https://www.quora.com/What-is-the-answer-of-If-I-reject-you-in-this-interview-then-what-will-you-do,"What is the answer of ""If I reject you in this interview then what will you do""?",202,87
wccIg2k624,https://www.quora.com/How-was-your-interview-experience-for-BARC,How was your interview experience for BARC?,197,30
wN3GBDpf24,https://www.quora.com/How-was-your-interview-experience-for-BARC,How was your interview experience for BARC?,197,30
wSUsALjd24,https://www.quora.com/How-was-your-interview-experience-for-BARC,How was your interview experience for BARC?,197,30
wfx9kcis32,https://www.quora.com/How-was-your-interview-experience-for-BARC,How was your interview experience for BARC?,197,30
wAaGnVfB24,https://www.quora.com/How-was-your-interview-experience-for-BARC,How was your interview experience for BARC?,197,30
wUuAYxoG24,https://www.quora.com/How-was-your-interview-experience-for-BARC,How was your interview experience for BARC?,197,30
wN3GBDpf24,https://www.quora.com/How-was-your-interview-experience-for-BARC,How was your interview experience for BARC?,197,30
wV3aO5mP24,https://www.quora.com/How-and-what-should-I-do-to-prepare-to-get-hired-by-companies-like-Google-Facebook-Amazon-Microsoft-et-al,"How and what should I do to prepare to get hired by companies like Google, Facebook, Amazon, Microsoft et al?",196,19
w3Le6FY824,https://www.quora.com/How-can-I-put-fake-experience-of-3-years-and-get-a-high-paying-job-in-MNC-as-Java-developer,How can I put fake experience of 3 years and get a high paying job in MNC as Java developer?,189,35
wvT9OzHh24,https://www.quora.com/What-books-are-useful-for-a-system-design-interview,What books are useful for a system design interview?,185,13
wYZ13mgD24,https://www.quora.com/What-are-some-tips-for-a-personal-interview-at-Christ-University-Bangalore,"What are some tips for a personal interview at Christ University, Bangalore?",185,37
wxIVQwky24,https://www.quora.com/What-can-I-expect-in-Amazons-SDE-online-assessment-Can-someone-who-has-taken-the-assessment-please-give-me-examples-of-the-types-of-questions-asked,What can I expect in Amazon's SDE online assessment? Can someone who has taken the assessment please give me examples of the types of questions asked?,182,11
wjlRhgpJ32,https://www.quora.com/What-are-the-best-answers-for-in-150-characters-or-fewer-tell-us-what-makes-you-unique,"What are the best answers for: ""in 150 characters or fewer, tell us what makes you unique?""",179,22
wTmaz3b824,https://www.quora.com/Hows-your-IIM-2019-interview-experience,How's your IIM 2019 interview experience?,178,48
w17noUlU25,https://www.quora.com/How-do-I-ask-the-HR-person-by-mail-whether-I-am-selected-or-not-after-a-few-days-of-interview,How do I ask the HR person by mail whether I am selected or not after a few days of interview?,176,26
wzyKaBP325,https://www.quora.com/How-do-I-ask-the-HR-person-by-mail-whether-I-am-selected-or-not-after-a-few-days-of-interview,How do I ask the HR person by mail whether I am selected or not after a few days of interview?,176,26
wZzuiFp433,https://www.quora.com/How-do-I-ask-the-HR-person-by-mail-whether-I-am-selected-or-not-after-a-few-days-of-interview,How do I ask the HR person by mail whether I am selected or not after a few days of interview?,176,26
ws4xhM0d25,https://www.quora.com/How-do-I-ask-the-HR-person-by-mail-whether-I-am-selected-or-not-after-a-few-days-of-interview,How do I ask the HR person by mail whether I am selected or not after a few days of interview?,176,26
wTnJhrJ525,https://www.quora.com/How-do-I-ask-the-HR-person-by-mail-whether-I-am-selected-or-not-after-a-few-days-of-interview,How do I ask the HR person by mail whether I am selected or not after a few days of interview?,176,26
w8rw729J25,https://www.quora.com/How-do-I-ask-the-HR-person-by-mail-whether-I-am-selected-or-not-after-a-few-days-of-interview,How do I ask the HR person by mail whether I am selected or not after a few days of interview?,176,26
wfcoskZm25,https://www.quora.com/How-do-I-ask-the-HR-person-by-mail-whether-I-am-selected-or-not-after-a-few-days-of-interview,How do I ask the HR person by mail whether I am selected or not after a few days of interview?,176,26
wdiForfO33,https://www.quora.com/How-do-I-ask-the-HR-person-by-mail-whether-I-am-selected-or-not-after-a-few-days-of-interview,How do I ask the HR person by mail whether I am selected or not after a few days of interview?,176,26
ws4xhM0d25,https://www.quora.com/How-do-I-ask-the-HR-person-by-mail-whether-I-am-selected-or-not-after-a-few-days-of-interview,How do I ask the HR person by mail whether I am selected or not after a few days of interview?,176,26
wRm0qIqL33,https://www.quora.com/How-do-I-prepare-for-group-discussion,How do I prepare for group discussion?,172,41
wHKDE4gu25,https://www.quora.com/How-do-you-answer-the-%E2%80%9CWhy-our-company-%E2%80%9D-interview-question,How do you answer the “Why our company?” interview question?,162,43
wOpmMc0O24,https://www.quora.com/What-are-the-best-interview-skills,What are the best interview skills?,161,21
wJBL4hl732,https://www.quora.com/What-are-the-best-interview-skills,What are the best interview skills?,161,21
wZXGkSGP24,https://www.quora.com/What-are-the-best-interview-skills,What are the best interview skills?,161,21
wEWattS324,https://www.quora.com/What-are-the-best-interview-skills,What are the best interview skills?,161,21
w5bDEuF724,https://www.quora.com/What-are-the-best-interview-skills,What are the best interview skills?,161,21
wYArxTxR24,https://www.quora.com/What-are-the-best-interview-skills,What are the best interview skills?,161,21
wJVEruXh24,https://www.quora.com/What-are-the-best-interview-skills,What are the best interview skills?,161,21
wImtQ8xn32,https://www.quora.com/What-are-the-best-interview-skills,What are the best interview skills?,161,21
wYArxTxR24,https://www.quora.com/What-are-the-best-interview-skills,What are the best interview skills?,161,21
we7hE3tn32,https://www.quora.com/What-are-the-best-interview-skills,What are the best interview skills?,161,21
wSTireas32,https://www.quora.com/How-was-your-ONGC-interview-experience,How was your ONGC interview experience?,154,32
wpHl1rvS24,https://www.quora.com/How-was-your-ONGC-interview-experience,How was your ONGC interview experience?,154,32
wrxx07U624,https://www.quora.com/How-was-your-ONGC-interview-experience,How was your ONGC interview experience?,154,32
wXgPIOcY24,https://www.quora.com/How-was-your-ONGC-interview-experience,How was your ONGC interview experience?,154,32
wHzTRkMp24,https://www.quora.com/How-should-one-prepare-for-the-BARC-OCES-DGFS-interview,How should one prepare for the BARC OCES/DGFS interview?,151,14
wpl8bydA25,https://www.quora.com/How-should-I-prepare-for-a-TCS-interview,How should I prepare for a TCS interview?,146,45
wMEnuOTb24,https://www.quora.com/How-should-I-prepare-for-a-TCS-interview,How should I prepare for a TCS interview?,146,45
wOyV63K332,https://www.quora.com/How-should-I-prepare-for-a-TCS-interview,How should I prepare for a TCS interview?,146,45
wAff3aVl24,https://www.quora.com/What-are-the-most-common-job-interview-questions-and-how-should-you-answer-them,What are the most common job interview questions and how should you answer them?,145,68
wwpDn1wt25,https://www.quora.com/In-an-interview-I-was-asked-you-are-from-engineering-background-why-do-you-want-to-join-marketing-or-sales-How-could-I-answer-this-question,"In an interview I was asked ""you are from engineering background, why do you want to join marketing or sales?"" How could I answer this question?",142,21
wJEIFCQ925,https://www.quora.com/In-an-interview-I-was-asked-you-are-from-engineering-background-why-do-you-want-to-join-marketing-or-sales-How-could-I-answer-this-question,"In an interview I was asked ""you are from engineering background, why do you want to join marketing or sales?"" How could I answer this question?",142,21
w4p2CkhE33,https://www.quora.com/In-an-interview-I-was-asked-you-are-from-engineering-background-why-do-you-want-to-join-marketing-or-sales-How-could-I-answer-this-question,"In an interview I was asked ""you are from engineering background, why do you want to join marketing or sales?"" How could I answer this question?",142,21
wh3liRod25,https://www.quora.com/In-an-interview-I-was-asked-you-are-from-engineering-background-why-do-you-want-to-join-marketing-or-sales-How-could-I-answer-this-question,"In an interview I was asked ""you are from engineering background, why do you want to join marketing or sales?"" How could I answer this question?",142,21
wRqEugWC25,https://www.quora.com/In-an-interview-I-was-asked-you-are-from-engineering-background-why-do-you-want-to-join-marketing-or-sales-How-could-I-answer-this-question,"In an interview I was asked ""you are from engineering background, why do you want to join marketing or sales?"" How could I answer this question?",142,21
wjY61wX825,https://www.quora.com/In-an-interview-I-was-asked-you-are-from-engineering-background-why-do-you-want-to-join-marketing-or-sales-How-could-I-answer-this-question,"In an interview I was asked ""you are from engineering background, why do you want to join marketing or sales?"" How could I answer this question?",142,21
wjNDMkMA25,https://www.quora.com/In-an-interview-I-was-asked-you-are-from-engineering-background-why-do-you-want-to-join-marketing-or-sales-How-could-I-answer-this-question,"In an interview I was asked ""you are from engineering background, why do you want to join marketing or sales?"" How could I answer this question?",142,21
wjY61wX825,https://www.quora.com/In-an-interview-I-was-asked-you-are-from-engineering-background-why-do-you-want-to-join-marketing-or-sales-How-could-I-answer-this-question,"In an interview I was asked ""you are from engineering background, why do you want to join marketing or sales?"" How could I answer this question?",142,21
w8YXj0ix24,https://www.quora.com/Chartered-Accountants-CA-How-should-I-prepare-for-the-CA-interview-to-get-a-big-corporate-job,Chartered Accountants (CA): How should I prepare for the CA interview to get a big corporate job?,132,15
wQDLBNf740,https://www.quora.com/What-are-the-best-ways-to-get-a-job-interview-call-On-what-basis-does-a-recruiter-short-list-a-CV,What are the best ways to get a job interview call? On what basis does a recruiter short list a CV?,130,13
wiRCIcSK24,https://www.quora.com/What-are-the-best-ways-to-get-a-job-interview-call-On-what-basis-does-a-recruiter-short-list-a-CV,What are the best ways to get a job interview call? On what basis does a recruiter short list a CV?,130,13
wfGNTten24,https://www.quora.com/How-was-your-interview-experience-in-IISc,How was your interview experience in IISc?,128,11
wGgNkcSO24,https://www.quora.com/How-was-your-interview-experience-in-IISc,How was your interview experience in IISc?,128,11
wdt64ZPQ24,https://www.quora.com/How-was-your-interview-experience-in-IISc,How was your interview experience in IISc?,128,11
wnHIBbsI24,https://www.quora.com/What-is-the-strangest-job-interview-you-have-ever-experienced,What is the strangest job interview you have ever experienced?,128,94
wpcxmQrF32,https://www.quora.com/What-is-the-strangest-job-interview-you-have-ever-experienced,What is the strangest job interview you have ever experienced?,128,94
wo5gxcnZ24,https://www.quora.com/What-type-of-questions-are-asked-in-a-CA-articleship-interview,What type of questions are asked in a CA articleship interview?,126,23
wyje98vu32,https://www.quora.com/What-is-that-secret-sauce-you-put-in-your-resume-that-always-gets-you-interviews,What is that secret sauce you put in your resume that always gets you interviews?,124,42
wmjYCodd24,https://www.quora.com/What-is-that-secret-sauce-you-put-in-your-resume-that-always-gets-you-interviews,What is that secret sauce you put in your resume that always gets you interviews?,124,42
wyje98vu32,https://www.quora.com/What-is-that-secret-sauce-you-put-in-your-resume-that-always-gets-you-interviews,What is that secret sauce you put in your resume that always gets you interviews?,124,42
w0zXS3CE24,https://www.quora.com/What-is-that-secret-sauce-you-put-in-your-resume-that-always-gets-you-interviews,What is that secret sauce you put in your resume that always gets you interviews?,124,42
weHHEGBH24,https://www.quora.com/What-is-that-secret-sauce-you-put-in-your-resume-that-always-gets-you-interviews,What is that secret sauce you put in your resume that always gets you interviews?,124,42
w6GOeIJZ32,https://www.quora.com/What-is-that-secret-sauce-you-put-in-your-resume-that-always-gets-you-interviews,What is that secret sauce you put in your resume that always gets you interviews?,124,42
w5aQw9Oi24,https://www.quora.com/What-is-that-secret-sauce-you-put-in-your-resume-that-always-gets-you-interviews,What is that secret sauce you put in your resume that always gets you interviews?,124,42
wSWnibg525,https://www.quora.com/What-is-the-best-answer-for-Why-do-you-want-to-work-for-us-when-asked-in-an-interview,"What is the best answer for ""Why do you want to work for us?"" when asked in an interview?",122,32
wqeZdBH932,https://www.quora.com/How-was-your-US-visa-interview-experience,How was your US visa interview experience?,122,108
wlA6NHWd25,https://www.quora.com/What-is-the-best-answer-for-Why-do-you-want-to-work-for-us-when-asked-in-an-interview,"What is the best answer for ""Why do you want to work for us?"" when asked in an interview?",122,32
wLMeQ2gW33,https://www.quora.com/Why-should-anyone-hire-you-for-Digital-Marketing,Why should anyone hire you for Digital Marketing?,120,16
w0JecQ8h25,https://www.quora.com/Why-should-anyone-hire-you-for-Digital-Marketing,Why should anyone hire you for Digital Marketing?,120,16
wt8k0K3V25,https://www.quora.com/Why-should-anyone-hire-you-for-Digital-Marketing,Why should anyone hire you for Digital Marketing?,120,16
wdz68fQu25,https://www.quora.com/What-are-some-MBA-finance-fresher-interview-questions-and-answers,What are some MBA finance fresher interview questions and answers?,119,18
wL92tYwO25,https://www.quora.com/If-the-interviewer-asks-you-Why-is-travelling-your-hobby-what-would-be-the-perfect-answer,"If the interviewer asks you ""Why is travelling your hobby?"" what would be the perfect answer?",119,17
w1DJp3R625,https://www.quora.com/If-the-interviewer-asks-you-Why-is-travelling-your-hobby-what-would-be-the-perfect-answer,"If the interviewer asks you ""Why is travelling your hobby?"" what would be the perfect answer?",119,17
wWKM6W4U25,https://www.quora.com/What-are-some-MBA-finance-fresher-interview-questions-and-answers,What are some MBA finance fresher interview questions and answers?,119,18
wiPzjst224,https://www.quora.com/What-answer-do-civil-service-aspirants-give-when-asked-in-an-interview-why-they-want-to-become-an-IAS-officer,What answer do civil service aspirants give when asked in an interview why they want to become an IAS officer?,117,16
wlkMylST24,https://www.quora.com/What-answer-do-civil-service-aspirants-give-when-asked-in-an-interview-why-they-want-to-become-an-IAS-officer,What answer do civil service aspirants give when asked in an interview why they want to become an IAS officer?,117,16
wQvuvsr732,https://www.quora.com/What-is-your-Deloitte-interview-experience,What is your Deloitte interview experience?,115,24
wacAONoO24,https://www.quora.com/What-is-your-Deloitte-interview-experience,What is your Deloitte interview experience?,115,24
whXLcEET32,https://www.quora.com/What-is-your-Deloitte-interview-experience,What is your Deloitte interview experience?,115,24
wcC1zhur24,https://www.quora.com/What-is-your-Deloitte-interview-experience,What is your Deloitte interview experience?,115,24
wbKopbqt24,https://www.quora.com/What-is-your-Deloitte-interview-experience,What is your Deloitte interview experience?,115,24
w5LJQsoE24,https://www.quora.com/What-is-your-Deloitte-interview-experience,What is your Deloitte interview experience?,115,24
wbKopbqt24,https://www.quora.com/What-is-your-Deloitte-interview-experience,What is your Deloitte interview experience?,115,24
w0vS5Wx424,https://www.quora.com/What-is-your-Deloitte-interview-experience,What is your Deloitte interview experience?,115,24
wa8LPupz24,https://www.quora.com/What-is-your-Deloitte-interview-experience,What is your Deloitte interview experience?,115,24
wrcg6REr24,https://www.quora.com/What-are-some-interview-questions-on-linked-lists,What are some interview questions on linked lists?,114,15
wNeCGMlj25,https://www.quora.com/What-are-some-basic-but-tricky-questions-for-a-physics-interview,What are some basic but tricky questions for a physics interview?,109,13
wHSpItZ224,https://www.quora.com/How-do-I-get-prepared-for-TCS-technical-interview-questions,How do I get prepared for TCS technical interview questions?,109,26
wpYpUvUP24,https://www.quora.com/How-do-I-get-prepared-for-TCS-technical-interview-questions,How do I get prepared for TCS technical interview questions?,109,26
w97E5GgD24,https://www.quora.com/How-do-I-get-prepared-for-TCS-technical-interview-questions,How do I get prepared for TCS technical interview questions?,109,26
who1JanO24,https://www.quora.com/How-do-I-get-prepared-for-TCS-technical-interview-questions,How do I get prepared for TCS technical interview questions?,109,26
wujpgf4B32,https://www.quora.com/How-do-I-get-prepared-for-TCS-technical-interview-questions,How do I get prepared for TCS technical interview questions?,109,26
wDobbn1032,https://www.quora.com/How-do-I-get-prepared-for-TCS-technical-interview-questions,How do I get prepared for TCS technical interview questions?,109,26
wGMdLvuJ25,https://www.quora.com/What-are-some-basic-but-tricky-questions-for-a-physics-interview,What are some basic but tricky questions for a physics interview?,109,13
wNXrkkSA24,https://www.quora.com/How-do-I-get-prepared-for-TCS-technical-interview-questions,How do I get prepared for TCS technical interview questions?,109,26
w9JslD4u33,https://www.quora.com/What-are-some-basic-but-tricky-questions-for-a-physics-interview,What are some basic but tricky questions for a physics interview?,109,13
wNXrkkSA24,https://www.quora.com/How-do-I-get-prepared-for-TCS-technical-interview-questions,How do I get prepared for TCS technical interview questions?,109,26
w3sMneq024,https://www.quora.com/What-are-your-IIT-MTech-interview-experiences,What are your IIT MTech interview experiences?,108,15
wBKhBhz832,https://www.quora.com/In-a-job-interview-whats-the-best-answer-for-this-question-Whats-your-edge-over-the-other-applicants,"In a job interview, what's the best answer for this question ""What's your edge over the other applicants?""",107,29
w2Dull7f24,https://www.quora.com/In-a-job-interview-whats-the-best-answer-for-this-question-Whats-your-edge-over-the-other-applicants,"In a job interview, what's the best answer for this question ""What's your edge over the other applicants?""",107,29
wAHklTqy32,https://www.quora.com/How-was-your-ESE-interview-experience-What-would-be-your-advice-to-the-aspirants,How was your ESE interview experience? What would be your advice to the aspirants?,105,19
wj2SZtCZ24,https://www.quora.com/How-was-your-ESE-interview-experience-What-would-be-your-advice-to-the-aspirants,How was your ESE interview experience? What would be your advice to the aspirants?,105,19
w1sPHw6U24,https://www.quora.com/How-was-your-ESE-interview-experience-What-would-be-your-advice-to-the-aspirants,How was your ESE interview experience? What would be your advice to the aspirants?,105,19
w7xTfBVh24,https://www.quora.com/What-are-some-of-the-best-interview-puzzles,What are some of the best interview puzzles?,104,16
w2QX2wo924,https://www.quora.com/What-are-some-of-the-best-interview-puzzles,What are some of the best interview puzzles?,104,16
wBcBuXC924,https://www.quora.com/What-are-some-of-the-best-interview-puzzles,What are some of the best interview puzzles?,104,16
w2kw9Lix32,https://www.quora.com/What-are-some-of-the-best-interview-puzzles,What are some of the best interview puzzles?,104,16
wHFCh1Ov24,https://www.quora.com/What-are-some-of-the-best-interview-puzzles,What are some of the best interview puzzles?,104,16
wNdvstZb24,https://www.quora.com/What-are-some-of-the-best-interview-puzzles,What are some of the best interview puzzles?,104,16
wrWuZeNm32,https://www.quora.com/What-are-some-of-the-best-interview-puzzles,What are some of the best interview puzzles?,104,16
w2QX2wo924,https://www.quora.com/What-are-some-of-the-best-interview-puzzles,What are some of the best interview puzzles?,104,16
w5Vhr8UK24,https://www.quora.com/How-can-I-prepare-for-a-tough-coding-interview-in-one-week,How can I prepare for a tough coding interview in one week?,102,16
wmlG1zOZ24,https://www.quora.com/What-are-the-best-resources-to-prepare-for-McKinsey-case-interviews,What are the best resources to prepare for McKinsey case interviews?,102,11
wedvzESC24,https://www.quora.com/How-should-a-third-year-student-prepare-for-placements-aptitude-technical-interview-and-puzzles-What-are-some-good-resources-books-and-websites-and-things-one-can-do-to-improve-chances-of-getting-selected,"How should a third year student prepare for placements (aptitude, technical interview, and puzzles)? What are some good resources (books and websites) and things one can do to improve chances of getting selected?",101,14
w2LhRgeC25,https://www.quora.com/How-do-I-answer-the-question-why-should-we-hire-you-for-internship%E2%80%9D,"How do I answer the question ""why should we hire you for internship”?",100,17
wB36jmue25,https://www.quora.com/What-is-the-best-answer-to-give-in-an-interview-when-this-question-is-asked-describe-yourself-in-one-word,"What is the best answer to give in an interview when this question is asked: ""describe yourself in one word""?",98,18
wB36jmue25,https://www.quora.com/What-is-the-best-answer-to-give-in-an-interview-when-this-question-is-asked-describe-yourself-in-one-word,"What is the best answer to give in an interview when this question is asked: ""describe yourself in one word""?",98,18
wW8RaFMd25,https://www.quora.com/What-is-the-best-answer-to-give-in-an-interview-when-this-question-is-asked-describe-yourself-in-one-word,"What is the best answer to give in an interview when this question is asked: ""describe yourself in one word""?",98,18
whaji5Ey25,https://www.quora.com/What-is-the-best-answer-to-give-in-an-interview-when-this-question-is-asked-describe-yourself-in-one-word,"What is the best answer to give in an interview when this question is asked: ""describe yourself in one word""?",98,18
wWx7m2Rz25,https://www.quora.com/What-is-the-best-answer-to-give-in-an-interview-when-this-question-is-asked-describe-yourself-in-one-word,"What is the best answer to give in an interview when this question is asked: ""describe yourself in one word""?",98,18
wpcWJ44725,https://www.quora.com/What-is-the-best-answer-to-give-in-an-interview-when-this-question-is-asked-describe-yourself-in-one-word,"What is the best answer to give in an interview when this question is asked: ""describe yourself in one word""?",98,18
wFvOQAAs25,https://www.quora.com/What-is-the-best-answer-to-give-in-an-interview-when-this-question-is-asked-describe-yourself-in-one-word,"What is the best answer to give in an interview when this question is asked: ""describe yourself in one word""?",98,18
wzBL814r24,https://www.quora.com/What-type-of-questions-are-asked-in-UPSC-exams,What type of questions are asked in UPSC exams?,92,11
wfEHHGOf33,https://www.quora.com/What-type-of-questions-are-asked-in-UPSC-exams,What type of questions are asked in UPSC exams?,92,11
wWUQoZWI24,https://www.quora.com/What-questions-are-asked-in-an-NDA-SSB-interview,What questions are asked in an NDA SSB interview?,91,30
wnEcMWIZ40,https://www.quora.com/What-questions-are-asked-in-an-NDA-SSB-interview,What questions are asked in an NDA SSB interview?,91,30
wXUBliCS24,https://www.quora.com/What-questions-should-I-ask-my-interviewer,What questions should I ask my interviewer?,88,30
wTv4WkS124,https://www.quora.com/What-questions-should-I-ask-my-interviewer,What questions should I ask my interviewer?,88,30
wcrH2W4d24,https://www.quora.com/What-questions-should-I-ask-my-interviewer,What questions should I ask my interviewer?,88,30
wbucBRex24,https://www.quora.com/What-questions-should-I-ask-my-interviewer,What questions should I ask my interviewer?,88,30
wlOrc5k624,https://www.quora.com/What-questions-should-I-ask-my-interviewer,What questions should I ask my interviewer?,88,30
wHSUF04o24,https://www.quora.com/What-questions-should-I-ask-my-interviewer,What questions should I ask my interviewer?,88,30
weBnmQLz24,https://www.quora.com/What-questions-should-I-ask-my-interviewer,What questions should I ask my interviewer?,88,30
wj8o1zZj25,https://www.quora.com/What-should-be-the-satisfactory-answer-in-an-interview-if-they-ask-why-your-academic-percentage-got-gradually-reduced-from-90-till-12th-to-70-in-engineering,What should be the satisfactory answer in an interview if they ask why your academic percentage got gradually reduced from 90% till 12th to 70% in engineering?,88,14
wh6EzXXF24,https://www.quora.com/What-questions-should-I-ask-my-interviewer,What questions should I ask my interviewer?,88,30
wZ4OoF0j24,https://www.quora.com/What-questions-should-I-ask-my-interviewer,What questions should I ask my interviewer?,88,30
wXUBliCS24,https://www.quora.com/What-questions-should-I-ask-my-interviewer,What questions should I ask my interviewer?,88,30
wzoiIf4h33,https://www.quora.com/What-are-the-best-answers-for-the-question-what-is-your-goal-in-life-during-interviews,What are the best answers for the question ''what is your goal in life'' during interviews?,87,14
w60TkXkf25,https://www.quora.com/What-are-the-best-answers-for-the-question-what-is-your-goal-in-life-during-interviews,What are the best answers for the question ''what is your goal in life'' during interviews?,87,14
wSRzDqVi24,https://www.quora.com/What-are-some-typical-design-interview-questions-for-software-engineers,What are some typical design interview questions for software engineers?,85,11
wSb8WRF324,https://www.quora.com/What-was-your-most-arrogant-software-engineering-interview-candidate-experience,What was your most arrogant software engineering interview candidate experience?,83,61
ww9N1Apl33,https://www.quora.com/What-are-the-most-asked-interview-questions-technical-and-HR-both-to-computer-science-engineering-students,What are the most asked interview questions (technical and HR both) to computer science engineering students?,83,11
wmXUdSFg24,https://www.quora.com/Can-you-share-your-IBPS-PO-interview-experience,Can you share your IBPS PO interview experience?,82,21
wQKAo70D24,https://www.quora.com/Can-you-share-your-IBPS-PO-interview-experience,Can you share your IBPS PO interview experience?,82,21
wQKAo70D24,https://www.quora.com/Can-you-share-your-IBPS-PO-interview-experience,Can you share your IBPS PO interview experience?,82,21
woWclI7W24,https://www.quora.com/Can-you-share-your-IBPS-PO-interview-experience,Can you share your IBPS PO interview experience?,82,21
wW8RaFMd63,https://www.quora.com/Can-you-share-your-IBPS-PO-interview-experience,Can you share your IBPS PO interview experience?,82,21
wS7MnN5d24,https://www.quora.com/Can-you-share-your-IBPS-PO-interview-experience,Can you share your IBPS PO interview experience?,82,21
w2uBbSKS24,https://www.quora.com/Can-you-share-your-IBPS-PO-interview-experience,Can you share your IBPS PO interview experience?,82,21
w75nC66r25,https://www.quora.com/How-can-I-introduce-myself-as-a-teacher-in-a-job-interview,How can I introduce myself as a teacher in a job interview?,81,11
wUOwiWqs25,https://www.quora.com/I-have-a-reasoning-test-at-P-G-How-do-I-ace-it,I have a reasoning test at P&G. How do I ace it?,80,13
wADe5IFK24,https://www.quora.com/What-are-the-best-free-online-resources-and-processes-to-prepare-for-case-study-interviews-for-a-top-management-consulting-firm,"What are the best free, online resources and processes to prepare for case study interviews for a top management consulting firm?",80,13
w7MLUSJF24,https://www.quora.com/Why-does-Elon-Musk-seem-so-uncomfortable-during-interviews,Why does Elon Musk seem so uncomfortable during interviews?,78,50
wWTAjn7q25,https://www.quora.com/What-is-the-best-answer-to-%E2%80%9CWhy-do-you-want-to-join-this-company%E2%80%9D,What is the best answer to “Why do you want to join this company”?,73,34
w1dND9PB25,https://www.quora.com/What-is-the-best-answer-to-%E2%80%9CWhy-do-you-want-to-join-this-company%E2%80%9D,What is the best answer to “Why do you want to join this company”?,73,34
wDsr47s625,https://www.quora.com/What-is-the-best-answer-to-%E2%80%9CWhy-do-you-want-to-join-this-company%E2%80%9D,What is the best answer to “Why do you want to join this company”?,73,34
wDsr47s625,https://www.quora.com/What-is-the-best-answer-to-%E2%80%9CWhy-do-you-want-to-join-this-company%E2%80%9D,What is the best answer to “Why do you want to join this company”?,73,34
wDniqSCs25,https://www.quora.com/What-is-the-best-answer-to-%E2%80%9CWhy-do-you-want-to-join-this-company%E2%80%9D,What is the best answer to “Why do you want to join this company”?,73,34
wThJZWaM24,https://www.quora.com/Have-you-ever-hired-a-candidate-for-a-job-and-they-turned-out-to-be-completely-different-than-they-were-in-the-interview,Have you ever hired a candidate for a job and they turned out to be completely different than they were in the interview?,71,75
wxcFyefw24,https://www.quora.com/What-are-the-general-interview-questions-asked-in-the-merchant-navy,What are the general interview questions asked in the merchant navy?,70,29
wFs1bb8924,https://www.quora.com/What-are-the-general-interview-questions-asked-in-the-merchant-navy,What are the general interview questions asked in the merchant navy?,70,29
wyuVAclB24,https://www.quora.com/What-are-the-general-interview-questions-asked-in-the-merchant-navy,What are the general interview questions asked in the merchant navy?,70,29
wUylKg9L24,https://www.quora.com/During-an-interview-a-friend-was-asked-to-create-a-memory-leak-with-Java-He-has-no-idea-how-to-accomplish-this-What-would-an-example-be,"During an interview, a friend was asked to create a memory leak with Java. He has no idea how to accomplish this. What would an example be?",69,17
w6an6Da924,https://www.quora.com/Should-I-give-up-my-dream-to-become-a-software-developer-after-failing-my-10-technical-interviews,Should I give up my dream to become a software developer after failing my 10 technical interviews?,68,80
w35mLoXP25,https://www.quora.com/If-you-were-an-interviewer-and-could-ask-Donald-Trump-one-question-and-he-had-to-answer-what-would-that-question-be,"If you were an interviewer and could ask Donald Trump one question and he had to answer, what would that question be?",67,83
wvM5F4GL33,https://www.quora.com/If-you-were-an-interviewer-and-could-ask-Donald-Trump-one-question-and-he-had-to-answer-what-would-that-question-be,"If you were an interviewer and could ask Donald Trump one question and he had to answer, what would that question be?",67,83
w35mLoXP25,https://www.quora.com/If-you-were-an-interviewer-and-could-ask-Donald-Trump-one-question-and-he-had-to-answer-what-would-that-question-be,"If you were an interviewer and could ask Donald Trump one question and he had to answer, what would that question be?",67,83
wLmIaJSU25,https://www.quora.com/What-are-the-most-common-important-C-programming-language-interview-questions-asked,What are the most common/important C programming language interview questions asked?,67,19
wM0BOKvU25,https://www.quora.com/What-are-the-most-common-important-C-programming-language-interview-questions-asked,What are the most common/important C programming language interview questions asked?,67,19
wvbJKwqw25,https://www.quora.com/If-you-were-an-interviewer-and-could-ask-Donald-Trump-one-question-and-he-had-to-answer-what-would-that-question-be,"If you were an interviewer and could ask Donald Trump one question and he had to answer, what would that question be?",67,83
wpOP2aYY24,https://www.quora.com/What-should-I-do-if-the-interviewer-gave-me-a-blank-paper-and-asked-me-to-sign-on-that,What should I do if the interviewer gave me a blank paper and asked me to sign on that?,66,38
wbQGSmJ025,https://www.quora.com/What-kind-of-coding-questions-do-you-ask-during-an-entry-level-or-internship-interview,What kind of coding questions do you ask during an entry level or internship interview?,66,11
w83sPwp925,https://www.quora.com/What-kind-of-coding-questions-do-you-ask-during-an-entry-level-or-internship-interview,What kind of coding questions do you ask during an entry level or internship interview?,66,11
wyVvQyis25,https://www.quora.com/How-long-does-it-usually-take-to-get-the-offer-after-the-interview-process-After-the-interview-the-recruiter-told-me-the-hiring-manager-would-call-and-give-me-an-offer-I-am-just-so-worried-Do-they-really-want-to-hire-me,"How long does it usually take to get the offer after the interview process? After the interview, the recruiter told me the hiring manager would call and give me an offer. I am just so worried. Do they really want to hire me?",66,13
wcoDuq1f24,https://www.quora.com/What-should-I-do-if-the-interviewer-gave-me-a-blank-paper-and-asked-me-to-sign-on-that,What should I do if the interviewer gave me a blank paper and asked me to sign on that?,66,38
wcoDuq1f24,https://www.quora.com/What-should-I-do-if-the-interviewer-gave-me-a-blank-paper-and-asked-me-to-sign-on-that,What should I do if the interviewer gave me a blank paper and asked me to sign on that?,66,38
wxGNDEiT33,https://www.quora.com/How-long-does-it-usually-take-to-get-the-offer-after-the-interview-process-After-the-interview-the-recruiter-told-me-the-hiring-manager-would-call-and-give-me-an-offer-I-am-just-so-worried-Do-they-really-want-to-hire-me,"How long does it usually take to get the offer after the interview process? After the interview, the recruiter told me the hiring manager would call and give me an offer. I am just so worried. Do they really want to hire me?",66,13
wuvzV5ON24,https://www.quora.com/What-should-I-do-if-the-interviewer-gave-me-a-blank-paper-and-asked-me-to-sign-on-that,What should I do if the interviewer gave me a blank paper and asked me to sign on that?,66,38
wicbcSMu25,https://www.quora.com/How-long-does-it-usually-take-to-get-the-offer-after-the-interview-process-After-the-interview-the-recruiter-told-me-the-hiring-manager-would-call-and-give-me-an-offer-I-am-just-so-worried-Do-they-really-want-to-hire-me,"How long does it usually take to get the offer after the interview process? After the interview, the recruiter told me the hiring manager would call and give me an offer. I am just so worried. Do they really want to hire me?",66,13
ww19hQGi24,https://www.quora.com/What-should-I-do-if-the-interviewer-gave-me-a-blank-paper-and-asked-me-to-sign-on-that,What should I do if the interviewer gave me a blank paper and asked me to sign on that?,66,38
wN0AkHWI24,https://www.quora.com/What-should-I-do-if-the-interviewer-gave-me-a-blank-paper-and-asked-me-to-sign-on-that,What should I do if the interviewer gave me a blank paper and asked me to sign on that?,66,38
w43T9Xla24,https://www.quora.com/What-should-I-do-if-the-interviewer-gave-me-a-blank-paper-and-asked-me-to-sign-on-that,What should I do if the interviewer gave me a blank paper and asked me to sign on that?,66,38
wooga4qZ24,https://www.quora.com/What-should-I-do-if-the-interviewer-gave-me-a-blank-paper-and-asked-me-to-sign-on-that,What should I do if the interviewer gave me a blank paper and asked me to sign on that?,66,38
wltYrZI625,https://www.quora.com/How-much-time-does-IBM-take-to-release-the-offer-letter-once-the-candidate-clears-the-PDM-final-round,How much time does IBM take to release the offer letter once the candidate clears the PDM (final) round?,65,16
weS0xvZk25,https://www.quora.com/How-much-time-does-IBM-take-to-release-the-offer-letter-once-the-candidate-clears-the-PDM-final-round,How much time does IBM take to release the offer letter once the candidate clears the PDM (final) round?,65,16
wKj6ZgP632,https://www.quora.com/What-has-your-manager-asked-you-to-do-that-you-outright-refused-to-do,What has your manager asked you to do that you outright refused to do?,64,206
wWD7KYBp24,https://www.quora.com/How-was-your-IIM-Kozhikode-interview-experience,How was your IIM Kozhikode interview experience?,64,46
wbuUffu924,https://www.quora.com/How-was-your-IIM-Kozhikode-interview-experience,How was your IIM Kozhikode interview experience?,64,46
wZhGjRKr25,https://www.quora.com/What-should-I-prepare-for-an-Infosys-campus-interview,What should I prepare for an Infosys campus interview?,63,18
wRNmBEvq25,https://www.quora.com/What-are-the-latest-GD-topics-for-SSB,What are the latest GD topics for SSB?,63,22
wblgZbB125,https://www.quora.com/What-are-some-funny-interview-answers,What are some funny interview answers?,63,46
wKcmB24P25,https://www.quora.com/What-are-the-latest-GD-topics-for-SSB,What are the latest GD topics for SSB?,63,22
wdOTcZFT25,https://www.quora.com/What-should-I-prepare-for-an-Infosys-campus-interview,What should I prepare for an Infosys campus interview?,63,18
wREL4nuK25,https://www.quora.com/What-is-the-best-answer-for-an-interview-question-if-someone-asked-what-are-your-salary-requirements,"What is the best answer for an interview question if someone asked, ""what are your salary requirements?""",62,16
we2cCKTL25,https://www.quora.com/What-is-the-best-answer-for-an-interview-question-if-someone-asked-what-are-your-salary-requirements,"What is the best answer for an interview question if someone asked, ""what are your salary requirements?""",62,16
w2FiCXer25,https://www.quora.com/How-do-I-crack-interview-as-a-fresher,How do I crack interview as a fresher?,61,53
wx1WUTET32,https://www.quora.com/Whats-your-best-job-interview-horror-story,What's your best job interview horror story?,60,51
wUMJtte624,https://www.quora.com/Whats-your-best-job-interview-horror-story,What's your best job interview horror story?,60,51
wA96cmiH32,https://www.quora.com/Whats-your-best-job-interview-horror-story,What's your best job interview horror story?,60,51
wMPjXqbq24,https://www.quora.com/Whats-your-best-job-interview-horror-story,What's your best job interview horror story?,60,51
wCjOZVf624,https://www.quora.com/Whats-your-best-job-interview-horror-story,What's your best job interview horror story?,60,51
w3Fk1wqO24,https://www.quora.com/Whats-your-best-job-interview-horror-story,What's your best job interview horror story?,60,51
wA96cmiH32,https://www.quora.com/Whats-your-best-job-interview-horror-story,What's your best job interview horror story?,60,51
wopbvMqh24,https://www.quora.com/Whats-your-best-job-interview-horror-story,What's your best job interview horror story?,60,51
wLaT6hyq24,https://www.quora.com/Whats-your-best-job-interview-horror-story,What's your best job interview horror story?,60,51
wB9JCvJj24,https://www.quora.com/Whats-your-best-job-interview-horror-story,What's your best job interview horror story?,60,51
w1q0hy1K24,https://www.quora.com/You-are-shrunk-to-the-height-of-a-nickel-and-your-mass-is-proportionally-reduced-so-as-to-maintain-your-original-density.-You-are-then-thrown-into-an-empty-glass-blender.-The-blades-will-start-moving-in-60-seconds.-What-do-you-do,You are shrunk to the height of a nickel and your mass is proportionally reduced so as to maintain your original density. You are then thrown into an empty glass blender. The blades will start moving in 60 seconds. What do you do?,57,35
woxAlOjs33,https://www.quora.com/How-do-I-crack-a-Java-developer-interview-easily-with-2+-years-of-experience,How do I crack a Java developer interview easily with 2+ years of experience?,57,12
w4JXlKBS25,https://www.quora.com/How-do-I-crack-a-Java-developer-interview-easily-with-2+-years-of-experience,How do I crack a Java developer interview easily with 2+ years of experience?,57,12
wyy74O5J25,https://www.quora.com/What-are-some-frequently-asked-CMOS-VLSI-design-interview-questions-for-freshers,What are some frequently-asked CMOS VLSI design interview questions for freshers?,57,12
wE6CYsOB25,https://www.quora.com/What-are-some-frequently-asked-CMOS-VLSI-design-interview-questions-for-freshers,What are some frequently-asked CMOS VLSI design interview questions for freshers?,57,12
wZs7AtJC24,https://www.quora.com/You-are-shrunk-to-the-height-of-a-nickel-and-your-mass-is-proportionally-reduced-so-as-to-maintain-your-original-density.-You-are-then-thrown-into-an-empty-glass-blender.-The-blades-will-start-moving-in-60-seconds.-What-do-you-do,You are shrunk to the height of a nickel and your mass is proportionally reduced so as to maintain your original density. You are then thrown into an empty glass blender. The blades will start moving in 60 seconds. What do you do?,57,35
wZKDPUiD25,https://www.quora.com/How-do-I-crack-a-Java-developer-interview-easily-with-2+-years-of-experience,How do I crack a Java developer interview easily with 2+ years of experience?,57,12
wGXB67YZ33,https://www.quora.com/What-are-some-frequently-asked-CMOS-VLSI-design-interview-questions-for-freshers,What are some frequently-asked CMOS VLSI design interview questions for freshers?,57,12
wTfdmJoY32,https://www.quora.com/You-are-shrunk-to-the-height-of-a-nickel-and-your-mass-is-proportionally-reduced-so-as-to-maintain-your-original-density.-You-are-then-thrown-into-an-empty-glass-blender.-The-blades-will-start-moving-in-60-seconds.-What-do-you-do,You are shrunk to the height of a nickel and your mass is proportionally reduced so as to maintain your original density. You are then thrown into an empty glass blender. The blades will start moving in 60 seconds. What do you do?,57,35
wpArMWzE25,https://www.quora.com/How-do-I-crack-a-Java-developer-interview-easily-with-2+-years-of-experience,How do I crack a Java developer interview easily with 2+ years of experience?,57,12
wK4bUNPp25,https://www.quora.com/How-do-I-crack-a-Java-developer-interview-easily-with-2+-years-of-experience,How do I crack a Java developer interview easily with 2+ years of experience?,57,12
wg223zX625,https://www.quora.com/What-are-tips-for-an-interview-with-Cisco,What are tips for an interview with Cisco?,56,15
wCPj5NVK25,https://www.quora.com/How-do-I-draft-a-mail-to-HR-asking-for-the-interview-status,How do I draft a mail to HR asking for the interview status?,56,13
wJNy5VfQ24,https://www.quora.com/Why-do-the-majority-of-job-applicants-never-get-hired,Why do the majority of job applicants never get hired?,56,25
w0YfZzOx25,https://www.quora.com/How-do-I-draft-a-mail-to-HR-asking-for-the-interview-status,How do I draft a mail to HR asking for the interview status?,56,13
wJsHkoJo33,https://www.quora.com/Whats-the-point-of-wearing-formal-dress-for-job-interviews,What's the point of wearing formal dress for job interviews?,56,21
wdZz5qZV25,https://www.quora.com/How-do-I-draft-a-mail-to-HR-asking-for-the-interview-status,How do I draft a mail to HR asking for the interview status?,56,13
wYg1YgjF25,https://www.quora.com/What-is-the-best-way-to-answer-if-an-interviewer-asks-about-salary-expectation-to-a-fresher,What is the best way to answer if an interviewer asks about salary expectation to a fresher?,53,34
wtBqJZyj33,https://www.quora.com/What-is-the-best-way-to-answer-if-an-interviewer-asks-about-salary-expectation-to-a-fresher,What is the best way to answer if an interviewer asks about salary expectation to a fresher?,53,34
wcTM9yH825,https://www.quora.com/What-is-the-best-way-to-answer-if-an-interviewer-asks-about-salary-expectation-to-a-fresher,What is the best way to answer if an interviewer asks about salary expectation to a fresher?,53,34
wKJLYcFm25,https://www.quora.com/What-is-the-best-way-to-answer-if-an-interviewer-asks-about-salary-expectation-to-a-fresher,What is the best way to answer if an interviewer asks about salary expectation to a fresher?,53,34
wGtJtEAs33,https://www.quora.com/What-are-some-tell-tale-signs-that-you-are-acing-a-job-interview,What are some tell-tale signs that you are acing a job interview?,53,18
w9RDSQCt25,https://www.quora.com/What-is-the-best-way-to-answer-if-an-interviewer-asks-about-salary-expectation-to-a-fresher,What is the best way to answer if an interviewer asks about salary expectation to a fresher?,53,34
w9RDSQCt25,https://www.quora.com/What-is-the-best-way-to-answer-if-an-interviewer-asks-about-salary-expectation-to-a-fresher,What is the best way to answer if an interviewer asks about salary expectation to a fresher?,53,34
wCagJJUj25,https://www.quora.com/Is-it-necessary-to-be-good-at-competitive-programming-to-crack-the-interviews-of-companies-like-Adobe-LinkedIn-Amazon-etc,"Is it necessary to be good at competitive programming to crack the interviews of companies like Adobe, LinkedIn, Amazon, etc.?",51,12
w7bCUkMy25,https://www.quora.com/Is-it-necessary-to-be-good-at-competitive-programming-to-crack-the-interviews-of-companies-like-Adobe-LinkedIn-Amazon-etc,"Is it necessary to be good at competitive programming to crack the interviews of companies like Adobe, LinkedIn, Amazon, etc.?",51,12
wiLNAgbu25,https://www.quora.com/Is-it-necessary-to-be-good-at-competitive-programming-to-crack-the-interviews-of-companies-like-Adobe-LinkedIn-Amazon-etc,"Is it necessary to be good at competitive programming to crack the interviews of companies like Adobe, LinkedIn, Amazon, etc.?",51,12
wTn2xztK25,https://www.quora.com/Is-it-necessary-to-be-good-at-competitive-programming-to-crack-the-interviews-of-companies-like-Adobe-LinkedIn-Amazon-etc,"Is it necessary to be good at competitive programming to crack the interviews of companies like Adobe, LinkedIn, Amazon, etc.?",51,12
wOtH1YTq25,https://www.quora.com/Is-it-necessary-to-be-good-at-competitive-programming-to-crack-the-interviews-of-companies-like-Adobe-LinkedIn-Amazon-etc,"Is it necessary to be good at competitive programming to crack the interviews of companies like Adobe, LinkedIn, Amazon, etc.?",51,12
wxlpTD0O24,https://www.quora.com/How-was-your-interview-experience-for-NPCIL-and-BARC,How was your interview experience for NPCIL and BARC?,50,17
wF0w5h8h25,https://www.quora.com/If-someone-has-a-beard-should-one-go-to-an-interview-with-or-without-the-beard,"If someone has a beard, should one go to an interview with or without the beard?",50,12
wcsB4Xm625,https://www.quora.com/What-are-some-good-resources-for-practicing-round-one-written-coding-interview-questions-generally-asked-in-campus-recruitment-for-companies-like-Amazon-Google-Microsoft-and-D-E-Shaw,"What are some good resources for practicing round one written coding interview questions generally asked in campus recruitment for companies like Amazon, Google, Microsoft, and D.E. Shaw?",49,12
w6d1311124,https://www.quora.com/What-are-some-tricky-interview-questions-related-to-Civil-engineering,What are some tricky interview questions related to Civil engineering?,46,12
wlSDhp1l32,https://www.quora.com/How-do-I-crack-a-placement-interview,How do I crack a placement interview?,46,18
wMOSnl1G25,https://www.quora.com/I-have-my-Deloitte-GD-and-interview-rounds-tomorrow-It-is-for-the-position-of-Business-Technology-Analyst-What-do-I-need-to-know,I have my Deloitte GD and interview rounds tomorrow. It is for the position of Business Technology Analyst. What do I need to know?,43,11
wlJ3evPx33,https://www.quora.com/I-have-my-Deloitte-GD-and-interview-rounds-tomorrow-It-is-for-the-position-of-Business-Technology-Analyst-What-do-I-need-to-know,I have my Deloitte GD and interview rounds tomorrow. It is for the position of Business Technology Analyst. What do I need to know?,43,11
wqhWu2qA33,https://www.quora.com/I-have-my-SSB-interviews-Indian-Army-after-15-days-How-can-I-prepare-for-them,I have my SSB interviews (Indian Army) after 15 days. How can I prepare for them?,42,14
wei7jU9l25,https://www.quora.com/How-do-I-as-a-fresher-answer-%E2%80%9CWhy-should-I-hire-you-%E2%80%9D-by-the-interviewer,"How do I, as a fresher, answer, “Why should I hire you?” by the interviewer?",42,15
w7VERu8k25,https://www.quora.com/I-have-my-SSB-interviews-Indian-Army-after-15-days-How-can-I-prepare-for-them,I have my SSB interviews (Indian Army) after 15 days. How can I prepare for them?,42,14
